sku_id,category,unit_price,avg_daily_demand,demand_cv,total_revenue,stockout_rate,inventory_turns,cluster,cluster_label
2083201,Office Supplies,45.69,8.80437756497948,0.4599446783470405,294060.84,0.0,53.627831161873495,0,C
821564,Office Supplies,54.59,5.979480164158686,0.4947446685787818,238612.89,0.0,36.76786495132448,0,C
1451113,Office Supplies,40.09,4.165526675786594,0.4862560080841869,122074.05,0.0,41.53951665578053,0,C
3030937,Office Supplies,9.69,29.25444596443229,0.4368144293044723,207220.65,0.0013679890560875,132.5153220815991,0,C
388267,Office Supplies,50.99,4.991792065663475,0.4752199866453152,186062.51,0.0,45.7345003772032,0,C
244954,Office Supplies,67.69,1.0337078651685394,0.1749189404530269,18682.44,0.0,1.7663806688846084,2,D
24391772,Office Supplies,50.09,5.974008207934337,0.4966611833127234,218743.03,0.0,44.03869606003752,0,C
385855,Shipping,126.19,11.48563611491108,0.4463339085350398,1059491.24,0.0875512995896032,238.35783913938408,0,C
24418830,Technology,30.39,6.989056087551299,0.4667369729463902,155262.51,0.0,39.112320130699786,0,C
2573958,Office Supplies,42.99,19.58549931600547,0.4476486079790598,615487.83,0.2243502051983584,578.1211401425178,0,C
234685,Breakroom,144.49,10.61422708618331,0.4619593392961958,1121097.91,0.1326949384404925,390.8371692392503,0,C
24395819,Technology,31.79,20.09028727770178,0.4625374351517912,466867.94,0.6880984952120383,2325.7075389948004,1,A
386408,Shipping,159.89,8.816689466484268,0.4510249657817889,1030491.05,0.0314637482900136,263.2743783179659,0,C
IM1HH0580,Technology,75.49,9.626538987688098,0.4705236586340856,531223.13,0.0,47.71489128821609,0,C
1448071,Office Supplies,50.49,12.510259917920656,0.4564414777137708,461731.05,0.0136798905608755,184.42891825530387,0,C
1443996,Office Supplies,58.09,6.120383036935705,0.4754486428956113,259894.66,0.0,66.58985218064095,0,C
917128,Office Supplies,55.29,1.0330882352941178,0.1734573134475585,15536.49,0.0,3.960111818006555,2,D
24474691,Breakroom,67.59,1.0433212996389891,0.19547942853264,19533.51,0.0,4.071128497648963,2,D
24452855,Furniture,341.99,3.1890410958904107,0.4891501556214079,796152.72,0.0,26.873557046979865,0,C
1727204,Office Supplies,109.59,4.131326949384405,0.4929278741333564,330961.8,0.9699042407660738,4229.157088122605,1,A
24357363,Furniture,873.19,12.309165526675786,0.4666136010039312,7856963.62,0.3734610123119015,530.2755562721703,1,A
948365,Shipping,74.39,10.685362517099865,0.4574229859144441,581060.29,0.0,61.998121545761535,0,C
693479,Shipping,142.49,2.437412095639944,0.5090318523644878,246935.17,0.8905608755129959,745.6286050618011,1,A
948494,Shipping,93.29,11.467852257181942,0.48833434319435,782050.0700000001,0.0,88.15578381022256,0,C
1551368,Office Supplies,59.29,7.79890560875513,0.4507073824515608,338012.29,0.0,109.16649639816634,0,C
24516637,Furniture,39.69,19.186046511627907,0.4448167046106245,556652.25,0.0369357045143638,196.48654605389245,0,C
IM15BP697,Technology,229.32,5.0848153214774285,0.4856009960905128,852382.44,0.8454172366621067,1049.894513137558,1,A
275166,Breakroom,16.09,14.175102599179208,0.4546766426705378,166724.58,0.0,55.78270539370195,0,C
2083952,Office Supplies,48.69,14.51436388508892,0.4651122953481574,516600.9,0.280437756497948,372.21816960215006,0,C
24497419,Office Supplies,30.69,4.046511627906977,0.504838615142845,90781.02,0.0,43.44493781519359,0,C
24450409,Breakroom,229.09,5.110807113543092,0.4854749248525371,855880.24,0.0,68.68752515090543,0,C
24511316,Office Supplies,42.48,35.06703146374829,0.4301151972020053,1088932.32,0.948016415868673,90963.36893203882,1,A
24514624,Office Supplies,39.99,32.18057455540356,0.4539250257624468,940724.76,0.3392612859097127,844.5579293747851,1,A
2133584,Office Supplies,31.29,12.435020519835842,0.4612339573232327,284426.1,0.0,85.65743677005182,0,C
2632924,Shipping,44.99,27.098495212038305,0.4504408755933773,891206.91,0.8002735978112175,11977.153846153848,1,A
1207472,Office Supplies,49.09,27.24897400820793,0.4435699317881986,977823.71,0.320109439124487,928.444111458267,1,A
2137837,Office Supplies,47.09,21.60191518467852,0.4591881297272838,743598.1900000001,0.1080711354309165,429.1000706293446,0,C
24260565,Shipping,21.99,37.512995896032834,0.4637005375388063,603009.78,0.1491108071135431,548.1250717781849,1,A
1566677,Office Supplies,86.59,1.043824701195219,0.1965022504520632,22686.58,0.0,2.415980220251536,2,D
845860,Office Supplies,29.39,26.46238030095759,0.43504982710201,568520.16,0.188782489740082,524.1479724219735,1,A
254435,Office Supplies,115.19,11.493844049247606,0.4567900513087279,967826.38,0.2722298221614227,482.6231337419457,0,C
1308923,Office Supplies,95.49,8.746922024623803,0.4778323423533985,610563.0599999999,0.0,65.83303755035352,0,C
174085,Office Supplies,52.79,9.725034199726402,0.4740602766954787,375284.11,0.0,107.1060615429007,0,C
2509195,Office Supplies,25.0,32.68809849521204,0.4558593742698087,597375.0,0.896032831737346,8630.061758893282,1,A
24298999,Furniture,130.19,7.845417236662107,0.4629885107257372,746639.65,0.0013679890560875,89.96512800703879,0,C
1006007,Breakroom,21.29,18.86593707250342,0.4500789284101693,293610.39,0.0314637482900136,279.2968832248234,0,C
24466861,Office Supplies,9.99,40.406292749658,0.4507518084984699,295074.63,0.0519835841313269,330.4086888657649,1,A
262017,Shipping,22.49,18.94117647058824,0.4605154620926933,311396.54,0.2722298221614227,456.5576255131039,0,C
IM11V4703,Technology,449.99,11.677154582763338,0.4686242051659566,3841114.64,0.6730506155950753,2984.130081300813,1,A
24367933,Office Supplies,13.29,45.080711354309166,0.4455742925808442,437958.66,0.5294117647058824,1503.424701990888,1,A
883905,Office Supplies,52.89,9.74281805745554,0.460143671678803,376682.58,0.0,77.05214083798303,0,C
282354,Shipping,14.09,40.33789329685362,0.4489292910854913,415471.83,0.1723666210670314,443.85637213516463,1,A
IM17DV930,Technology,4245.99,7.8426812585499315,0.4713336668361312,24342260.67,0.0,69.10418006430868,1,A
1455464,Office Supplies,55.69,3.2675862068965515,0.4910626467092469,131929.61,0.0,41.5933469436772,0,C
1682311,Furniture,41.99,18.75923392612859,0.4584868519631632,575808.87,0.4856361149110807,975.4965940054497,1,A
313288,Office Supplies,120.89,7.811217510259918,0.4818601526663472,690281.9,0.0506155950752394,212.7642980935875,0,C
24546807,Office Supplies,16.29,19.917920656634745,0.4486683193012402,237182.4,0.0041039671682626,119.61519442571364,0,C
24383589,Office Supplies,54.99,12.324213406292747,0.4530120740567181,495404.91,0.0,87.2770753816794,0,C
24547813,Furniture,737.29,12.39671682626539,0.4633068445079653,6681321.98,0.0,76.83847768846202,0,C
SKU,Office Supplies,25.0,10.545827633378932,0.4454183717878176,192725.0,0.0478796169630642,94.63740637490343,0,C
24581314,Office Supplies,19.99,25.269493844049247,0.460556462590644,369255.28,0.0041039671682626,96.47021168670652,0,C
24353895,Office Supplies,262.99,7.028727770177839,0.4778927867345515,1351242.62,0.042407660738714,241.6132518494693,0,C
24541649,Office Supplies,309.79,7.904240766073872,0.4678125790971639,1789966.62,0.9808481532147744,91819.95652173914,1,A
811420,Office Supplies,32.99,36.05198358413133,0.4566759999777167,869418.46,0.7975376196990424,14175.698307579103,1,A
2133305,Office Supplies,43.77,23.351573187414505,0.4497159509970628,747153.9,0.2257181942544459,501.6753105777349,1,A
2726340,Office Supplies,43.89,41.280437756497946,0.4446037359837591,1324424.64,0.1983584131326949,780.7544685520122,1,A
24491182,Office Supplies,19.29,12.841313269493844,0.4530664664816229,181075.23,0.0,69.67100213219616,0,C
2712661,Furniture,434.99,5.093023255813954,0.4787309270067371,1619467.77,0.042407660738714,102.0363302339532,0,C
29.6649831 37.5,Office Supplies,25.0,39.95759233926129,0.4426169644250591,730225.0,0.2995896032831737,989.6078513162772,1,A
24556752,Furniture,999.99,3.2355371900826446,0.4951371128663329,2348976.51,0.0,30.770536162282276,0,C
232568,Office Supplies,39.49,19.96169630642955,0.457693005203389,576238.08,0.6142270861833106,2313.327260897853,1,A
24393367,Office Supplies,56.69,6.79343365253078,0.4681547600113627,281522.54,0.0,69.21419310555217,0,C
460326,Office Supplies,8.49,42.78385772913817,0.4401435390366778,265524.75,0.0930232558139534,338.7920303492835,1,A
314319,Office Supplies,39.89,22.339261285909718,0.470034315379338,651403.7,0.027359781121751,217.29339595165283,0,C
24323707,Office Supplies,110.79,6.908344733242134,0.4701475284303166,559489.5,0.6607387140902873,3221.247818499128,1,A
1567181,Office Supplies,39.92,39.175102599179205,0.4551478678499166,1143189.04,0.1846785225718194,496.2226093964823,1,A
559734,Breakroom,37.69,22.6265389876881,0.4482858156423089,623392.6,0.652530779753762,2363.318999218139,1,A
1563044,Office Supplies,94.09,1.050179211469534,0.2082567267469533,27568.370000000003,0.0,2.460233407613315,2,D
24324058,Office Supplies,47.49,40.52530779753762,0.4492943435949798,1406843.76,0.9316005471956224,72183.81333333334,1,A
2647633,Shipping,107.49,1.5192926045016075,0.4523196724988172,101578.05,0.0,16.893983859134263,0,C
224050,Office Supplies,5.49,42.35294117647059,0.4433670707914627,169970.4,0.1969904240766073,550.6243005206559,1,A
24328152,Office Supplies,7.99,17.086183310533517,0.458081043707954,99795.1,0.0,93.83352860167314,0,C
24506756,Technology,99.69,11.633378932968537,0.4655853371966437,847763.76,0.0,70.74327722963822,0,C
735341,Breakroom,29.99,37.93844049247606,0.4355096081418458,831712.67,0.2777017783857729,1178.3099680325486,1,A
1670081,Office Supplies,56.69,5.045143638850889,0.4950376088136046,209072.72,0.0,41.425467508720175,0,C
24508335,Office Supplies,18.69,6.926128590971272,0.4781411362105887,94627.47,0.0,39.214793545174246,0,C
24525857,Furniture,1227.09,9.878248974008208,0.4687848239932367,8860816.889999999,0.280437756497948,229.8319763138416,1,A
2080941,Office Supplies,35.79,13.415868673050616,0.4564252613967685,350992.53,0.3009575923392613,767.4678299967884,0,C
1446415,Office Supplies,62.89,3.2410468319559227,0.5068982301470473,147980.16999999998,0.0,31.09373079287031,0,C
24548667,Technology,43.89,11.439124487004104,0.4867949004435543,367008.18,0.0,58.61233687157802,0,C
24497573,Office Supplies,32.54,24.33515731874145,0.4475954253851231,578854.06,0.0629274965800273,382.3510438106439,0,C
24520441,Office Supplies,64.79,5.9863201094391245,0.4910432739339816,283521.04,0.0,52.47122892198674,0,C
24576776,Office Supplies,20.99,17.972640218878247,0.4514660910290088,275766.62,0.0232558139534883,158.19008087496502,0,C
232513,Office Supplies,53.29,11.522571819425444,0.4570941979660317,448861.67,0.0027359781121751,113.87274139557248,0,C
1684953,Office Supplies,20.39,13.328317373461012,0.4606941924784045,198659.77,0.0,87.60311193111932,0,C
1207399,Office Supplies,47.79,29.41450068399453,0.4535279682462133,1027580.58,0.5882352941176471,2421.500847327068,1,A
1417649,Office Supplies,76.69,4.039671682626539,0.4954159773861568,226465.57,0.0,74.03515450835134,0,C
2537321,Breakroom,25.29,13.466484268125855,0.4567844836657285,248954.76,0.0232558139534883,191.9896480883648,0,C
316457,Office Supplies,59.19,6.032831737346101,0.4985342256260541,261027.9,0.0,56.07720006262285,0,C
2080010,Office Supplies,55.39,7.771545827633379,0.4580595412412808,314670.59,0.0,57.118643834674366,0,C
24469550,Breakroom,96.49,5.949384404924761,0.4832120779645954,419635.01,0.0,71.87860905740577,0,C
263449,Office Supplies,108.49,5.963064295485636,0.4696721983999104,472907.91,0.0,75.10380182430998,0,C
317499,Office Supplies,100.89,4.1299589603283176,0.504145556983042,304586.91000000003,0.0027359781121751,122.00845864661652,0,C
24540214,Office Supplies,20.25,36.21340629274966,0.450400714165021,536058.0,0.3693570451436389,1282.969700987867,1,A
315554,Office Supplies,112.09,9.645690834473324,0.4579410079931069,790346.59,0.0369357045143638,187.7766403147656,0,C
1172796,Breakroom,23.39,21.69767441860465,0.4575147743327292,370988.79,0.4008207934336525,1174.591328132915,1,A
24409529,Shipping,59.69,4.0943912448700415,0.4992681014746046,178652.16999999998,0.0,41.489826105095474,0,C
1444309,Office Supplies,46.79,14.39671682626539,0.4412340422473448,492417.96,0.0519835841313269,262.3373913043478,0,C
489804,Office Supplies,26.29,12.493844049247606,0.4639404572346189,240106.57,0.0,104.92916417816616,0,C
1133252,Office Supplies,4.99,35.03693570451436,0.4569980366266543,127803.88,0.0300957592339261,257.1401181156435,0,C
245145,Office Supplies,117.69,9.879616963064295,0.4598210904763821,849957.18,0.3105335157318741,487.2883514860624,0,C
433204,Technology,37.99,37.76744186046512,0.4420655075004935,1048827.92,0.4801641586867305,1128.400782778865,1,A
2632688,Technology,175.29,1.5532591414944357,0.4870853414045693,171258.33,0.0,15.384666752832707,0,C
24531313,Technology,58.59,4.023255813953488,0.5049309519887908,172313.19,0.0,42.83720883894236,0,C
24548569,Office Supplies,7.49,28.299589603283174,0.4502759848806667,154945.63,0.0164158686730506,169.60170698608167,0,C
1719475,Office Supplies,26.76,43.6703146374829,0.4384967027189274,854259.48,0.9521203830369356,43946.72881355932,1,A
1669044,Office Supplies,125.99,6.863201094391245,0.4858977989284322,632091.83,0.0041039671682626,134.01399546882993,0,C
24383025,Office Supplies,16.29,18.09028727770178,0.453054873287417,215418.96,0.0041039671682626,99.04552300740784,0,C
24322997,Office Supplies,12.9,15.16279069767442,0.4471785247279553,142983.6,0.0,63.33565755737602,0,C
SYN10000,Breakroom,19.11,21.24076607387141,0.4424382876393327,296720.97000000003,0.0,102.14304226923802,0,C
SYN10001,Technology,240.44,8.813953488372093,0.4667117359049511,1549154.92,0.0068399452804377,86.16283707145732,0,C
SYN10002,Shipping,66.83,10.727770177838575,0.4633756911893975,524080.86,0.0,91.18169527111932,0,C
SYN10003,Shipping,94.16,7.759233926128591,0.4928056728159706,534075.52,0.0,69.55481370887922,0,C
SYN10004,Technology,166.04,2.362482369534556,0.5261288279475564,278117.0,0.0,21.13737980561741,0,C
SYN10005,Shipping,54.85,3.225895316804408,0.5196025201083483,128458.7,0.0,26.07890688074093,0,C
SYN10006,Technology,266.83,2.335203366058906,0.5246879254293215,444271.95,0.0,41.92755520341727,0,C
SYN10007,Office Supplies,35.61,36.900136798905606,0.4362117510070412,960544.14,0.0930232558139534,399.028513609228,1,A
SYN10008,Office Supplies,48.45,24.70861833105335,0.4444546976657417,875103.9,0.06703146374829,357.5616638682771,0,C
SYN10009,Technology,66.88,1.0314685314685317,0.1695507479050193,19729.6,0.0,2.192026591581365,2,D
SYN10010,Breakroom,16.37,26.24897400820793,0.443923757930792,314107.56,0.0068399452804377,123.80010414919812,0,C
SYN10011,Furniture,696.27,12.372093023255816,0.469556071210312,6297065.88,0.987688098495212,20279.64417177914,1,A
SYN10012,Technology,35.03,4.093023255813954,0.5023072051075463,104809.76,0.0,25.07741698770868,0,C
SYN10013,Technology,449.52,1.5834658187599364,0.4639025859244409,447721.92,0.0,10.4926717491245,0,C
SYN10014,Breakroom,13.49,22.49931600547196,0.4448436439512626,221870.03,0.0136798905608755,144.9363125663034,0,C
SYN10015,Technology,154.85,8.047879616963064,0.4629032236867742,910982.55,0.9794801641586868,10805.208542713568,1,A
SYN10016,Breakroom,24.66,44.47742818057456,0.4577207736819051,801770.58,0.5950752393980848,2138.666696661568,1,A
SYN10017,Office Supplies,39.75,12.52530779753762,0.4629406608058599,363951.0,0.0082079343365253,146.4142804016363,0,C
SYN10018,Breakroom,22.21,8.703146374829002,0.4585517190076775,141300.02,0.0,78.93246660669733,0,C
SYN10019,Furniture,422.62,11.544459644322846,0.4690351395764843,3566490.18,0.0533515731874145,230.6910362364908,0,C
SYN10020,Office Supplies,33.05,17.887824897400822,0.4425103428100239,432161.8,0.0779753761969904,373.4540339910139,0,C
SYN10021,Technology,341.04,5.980848153214774,0.4774967607832507,1491026.88,0.3146374829001368,472.35175879396985,0,C
SYN10022,Shipping,89.29,10.662106703146376,0.463776847305121,695926.26,0.0,77.38528197326958,0,C
SYN10023,Office Supplies,43.2,18.2749658002736,0.4555350206801979,577108.8,0.027359781121751,194.2441222102876,0,C
SYN10024,Shipping,29.33,20.3844049247606,0.4583048983335718,437046.33,0.0164158686730506,204.23044904846725,0,C
SYN10025,Furniture,495.4,1.0294117647058822,0.164432906031267,138712.0,0.0,2.086144688831359,2,D
SYN10026,Furniture,725.96,8.87688098495212,0.4792670410293589,4710754.44,0.0041039671682626,102.73898635477582,0,C
SYN10027,Shipping,12.31,6.842681258549932,0.4652603930402864,61574.62,0.0,44.34978046236324,0,C
SYN10028,Furniture,936.73,5.042407660738714,0.4819745946449699,3452786.78,0.2571819425444596,136.00171613163738,0,C
SYN10029,Shipping,48.37,40.29548563611491,0.4326761487106084,1424786.72,0.2024623803009576,665.5025807448617,1,A
SYN10030,Breakroom,26.85,24.478796169630645,0.4499999669356016,480453.9,0.8467852257181943,10617.300324675323,1,A
SYN10031,Technology,455.28,12.432284541723666,0.4517035210140204,4137584.64,0.5034199726402189,689.2134038800705,1,A
SYN10032,Office Supplies,20.87,20.84952120383037,0.46768320800661,318079.67,0.0191518467852257,246.8301171987505,0,C
SYN10033,Furniture,299.9,2.3310055865921786,0.5360966317781827,500533.1,0.0,13.275145804317548,0,C
SYN10034,Furniture,390.88,7.787961696306429,0.4678692140921666,2225279.84,0.0,85.08828640945428,0,C
SYN10035,Office Supplies,48.73,31.645690834473324,0.4444793028669331,1127271.09,0.4322845417236662,1095.5055066079296,1,A
SYN10036,Breakroom,22.23,31.68673050615595,0.4367805363283004,514913.49,0.106703146374829,302.6354894636186,1,A
SYN10037,Shipping,30.34,14.993160054719562,0.4686315813289963,332526.4,0.0013679890560875,105.09707209570784,0,C
SYN10038,Technology,153.75,1.0387596899224807,0.1861805623343876,41205.0,0.0,6.040949737897009,2,D
SYN10039,Office Supplies,11.52,11.567715458276334,0.4521858327841448,97413.12,0.0,44.35675792041907,0,C
SYN10040,Breakroom,19.0,43.4829001367989,0.4454647441074291,603934.0,0.0123119015047879,203.4834003275272,1,A
SYN10041,Furniture,822.83,12.210670314637484,0.455930558965474,7344580.58,0.8385772913816689,7414.665909090909,1,A
SYN10042,Shipping,42.89,13.314637482900135,0.460114318479516,417448.37,0.0109439124487004,153.96717160787708,0,C
SYN10043,Office Supplies,6.83,9.450068399452803,0.461802996896743,47181.64,0.0,40.7454612939145,0,C
SYN10044,Breakroom,22.2,9.861833105335156,0.4874456191721258,160039.8,0.0355677154582763,130.41424965353394,0,C
SYN10045,Furniture,946.47,5.039671682626539,0.4795537153092198,3486795.48,0.0,42.48578550468557,0,C
SYN10046,Technology,120.35,2.33943661971831,0.5084619349354824,199901.35,0.0,19.60459521426034,0,C
SYN10047,Technology,103.98,7.735978112175102,0.4723212840799864,588006.9,0.9794801641586868,33070.439999999995,1,A
SYN10048,Office Supplies,49.83,39.264021887824896,0.4455805593586944,1430220.66,0.2722298221614227,729.2975772532934,1,A
SYN10049,Breakroom,20.09,23.89466484268126,0.4545290237001408,350912.03,0.20109439124487,817.9613709160794,0,C
SYN10050,Office Supplies,37.67,8.701778385772913,0.446803408773103,239618.87,0.0,51.20235866716585,0,C
SYN10051,Furniture,801.89,1.0311284046692606,0.1687506180519515,212500.85,0.0,4.666032373060989,2,D
SYN10052,Breakroom,27.26,30.3187414500684,0.4509694919941909,604163.38,0.4610123119015047,1583.6904203323556,1,A
SYN10053,Breakroom,29.29,6.812585499316006,0.4741009253300051,145864.2,0.0,72.31872541618658,0,C
SYN10054,Technology,235.24,3.2572214580467675,0.4941595672909604,557048.3200000001,0.0,42.876449024076095,0,C
SYN10055,Shipping,6.72,18.874145006839942,0.4467333307703913,92715.84,0.0041039671682626,95.02263070125024,0,C
SYN10056,Shipping,75.7,9.69767441860465,0.4596715149548993,536637.3,0.1080711354309165,128.2497401376033,0,C
SYN10057,Furniture,184.31,9.693570451436388,0.4808973523105467,1306020.66,0.1586867305061559,256.2260585674713,0,C
SYN10058,Furniture,915.49,7.880984952120383,0.4579493049701758,5274137.89,0.1860465116279069,141.7943097643098,0,C
SYN10059,Furniture,680.59,10.482900136798904,0.4722201600357875,5215361.17,0.0,91.05417750325095,0,C
SYN10060,Office Supplies,6.09,43.683994528043776,0.4408646457204145,194471.97,0.0492476060191518,309.55632028431995,1,A
SYN10061,Office Supplies,21.66,8.735978112175102,0.4802258528809298,138320.76,0.0,65.2370278239725,0,C
SYN10062,Office Supplies,24.27,40.487004103967166,0.4399868206412051,718294.92,0.1655266757865937,650.3539950700415,1,A
SYN10063,Shipping,32.97,12.437756497948016,0.4508229441782939,299763.24,0.0068399452804377,103.60970894975604,0,C
SYN10064,Shipping,40.41,42.24487004103967,0.4511842653059981,1247901.21,0.9261285909712722,40024.84219858156,1,A
SYN10065,Technology,53.8,9.733242134062928,0.4727934935358845,382787.0,0.0054719562243502,81.81248328692999,0,C
SYN10066,Technology,174.82,4.102599179206567,0.4978458409041097,524285.18,0.9411764705882352,1106.0893037336025,1,A
SYN10067,Office Supplies,29.88,39.37482900136799,0.436242441991203,860036.04,0.2051983584131327,722.8133223401696,1,A
SYN10068,Technology,436.19,4.073871409028728,0.4957861588922309,1298973.82,0.0,61.57661301728283,0,C
SYN10069,Shipping,64.65,11.481532147742818,0.4486051980894961,542607.45,0.0164158686730506,167.84163155878974,0,C
SYN10070,Breakroom,13.71,29.633378932968537,0.4425142493633639,296986.02,0.0136798905608755,190.4174172368595,0,C
SYN10071,Breakroom,13.14,20.69767441860465,0.4451592754501151,198808.2,0.0,112.93581260466443,0,C
SYN10072,Technology,280.47,3.2527472527472527,0.5090846441482371,664152.96,0.0,56.250869268514606,0,C
SYN10073,Shipping,28.77,41.93980848153215,0.4540599269697153,882030.66,0.5047879616963065,1948.6129901747677,1,A
SYN10074,Technology,389.6,12.374829001367988,0.4649384149960205,3524321.6,0.0875512995896032,228.3365331491713,0,C
SYN10075,Breakroom,5.3,13.378932968536253,0.4490634359603894,51834.0,0.0,64.76175809841293,0,C
SYN10076,Shipping,18.14,25.78385772913817,0.4520301081488978,341902.72000000003,0.0,99.55481050615992,0,C
SYN10077,Shipping,8.9,29.6265389876881,0.4385912901560004,192747.3,0.0383036935704514,256.1735141345329,0,C
SYN10078,Furniture,122.82,7.848153214774282,0.4511620312051958,704618.34,0.0,87.26791659730314,0,C
SYN10079,Shipping,21.46,25.54445964432285,0.4386286147691284,400722.58,0.0642954856361149,302.94877599485096,0,C
SYN10080,Office Supplies,13.23,4.113543091655266,0.4988207276553316,39782.61,0.0,20.414367309031807,0,C
SYN10081,Shipping,54.09,4.138166894664843,0.4888228074878303,163622.25,0.0,58.50398179749716,0,C
SYN10082,Shipping,58.77,12.459644322845415,0.4554651693663176,535277.16,0.0136798905608755,163.81133746678478,0,C
SYN10083,Furniture,407.69,10.54309165526676,0.4574912716154972,3142066.83,0.0095759233926128,161.4505516549649,0,C
SYN10084,Breakroom,26.1,23.288645690834475,0.438099575309946,444326.4,0.0136798905608755,202.87812194326705,0,C
SYN10085,Breakroom,16.27,23.67441860465116,0.4451064808868654,281568.62,0.0027359781121751,122.42520370836318,0,C
SYN10086,Breakroom,4.3,26.57455540355677,0.4358448939676105,83531.8,0.0095759233926128,166.026423168208,0,C
SYN10087,Shipping,40.59,44.14637482900137,0.4456025101848245,1309879.89,0.3419972640218878,1197.5278440529976,1,A
SYN10088,Technology,431.12,9.87688098495212,0.4663686058366778,3112686.4,0.9616963064295484,78773.4328358209,1,A
SYN10089,Shipping,11.7,29.35430916552668,0.4447086314912785,251058.6,0.0068399452804377,153.24896683112695,0,C
SYN10090,Technology,345.04,11.958960328317373,0.452603316655566,3016339.68,0.0519835841313269,152.73427342256215,0,C
SYN10091,Furniture,838.58,1.5507936507936508,0.4795479347586651,819292.66,0.0,23.717687300743886,0,C
SYN10092,Breakroom,20.59,37.82626538987688,0.4517359473836548,569334.09,0.5745554035567716,3193.188151658768,1,A
SYN10093,Furniture,185.0,3.272727272727273,0.5100313432050144,439560.0,0.0,37.49689119170984,0,C
SYN10094,Furniture,446.86,8.59233926128591,0.4566887346620651,2806727.66,0.0013679890560875,64.31358294462888,0,C
SYN10095,Technology,155.29,3.185082872928177,0.5293428404543016,358098.74,0.0,54.32089456045372,0,C
SYN10096,Breakroom,19.98,14.53077975376197,0.4496088350133052,212227.56,0.0136798905608755,134.6352129282841,0,C
SYN10097,Shipping,96.92,10.652530779753764,0.4679520292494902,754716.04,0.0,72.39897486772487,0,C
SYN10098,Breakroom,18.35,20.95075239398085,0.4496073069017489,281030.25,0.0013679890560875,98.58197652404392,0,C
SYN10099,Furniture,434.82,8.725034199726402,0.4647996067824979,2773281.96,0.0,78.38331568063751,0,C
SYN10100,Shipping,76.33,9.616963064295486,0.4730898463995403,536599.9,0.0,77.01771476530183,0,C
SYN10101,Office Supplies,45.61,34.76607387140903,0.452889458709969,1159132.54,0.2161422708618331,799.347446323308,1,A
SYN10102,Breakroom,27.18,11.846785225718197,0.4547912919573519,235378.8,0.0027359781121751,126.6193295463637,0,C
SYN10103,Office Supplies,20.97,8.679890560875513,0.4783574686839288,133054.65,0.0,60.14724952667479,0,C
SYN10104,Breakroom,20.06,4.172366621067032,0.4826392478746006,61183.0,0.0,43.30989335457176,0,C
SYN10105,Shipping,36.22,43.92749658002736,0.4399315217410918,1163060.42,0.3283173734610123,1290.796865548529,1,A
SYN10106,Furniture,812.42,10.383036935704514,0.4662002822934787,6166267.8,0.0068399452804377,145.80044147789982,0,C
SYN10107,Office Supplies,48.84,32.562243502051984,0.4480191082072879,1162538.52,0.4049247606019152,1464.6458754208754,1,A
SYN10108,Technology,282.04,3.286896551724138,0.5139774324559223,672101.3200000001,0.0,36.62608019175374,0,C
SYN10109,Furniture,853.27,12.437756497948016,0.4556487046653344,7757930.84,0.027359781121751,141.91992483611284,0,C
SYN10110,Office Supplies,24.17,26.399452804377564,0.4351655815803517,466432.66,0.2503419972640219,917.5775985429946,1,A
SYN10111,Technology,359.0,1.5463108320251178,0.4685676889754303,353615.0,0.0,10.66418341503873,0,C
SYN10112,Shipping,98.73,12.567715458276334,0.4639010463024893,907032.51,0.0,105.28646233440465,0,C
SYN10113,Shipping,27.49,35.74418604651163,0.4427811730567751,718286.21,0.6607387140902873,3034.2015885623514,1,A
SYN10114,Office Supplies,21.93,31.93160054719562,0.4508116370966786,511890.06,0.3433652530779754,1414.725312992289,1,A
SYN10115,Furniture,481.8,3.2176308539944904,0.5064999805509457,1125484.8,0.0,23.93529848758813,0,C
SYN10116,Technology,256.46,2.387726638772664,0.5052855954576667,439059.52,0.0,17.39508506616257,0,C
SYN10117,Shipping,16.29,5.9589603283173735,0.4744384759949868,70959.24,0.0,29.50853033574586,0,C
SYN10118,Shipping,69.7,1.0261194029850746,0.1557214167186039,19167.5,0.0,3.078955429621688,2,D
SYN10119,Breakroom,26.45,25.74829001367989,0.4385343663733413,497841.9,0.8071135430916553,10486.95274390244,1,A
SYN10120,Shipping,55.13,1.575516693163752,0.4598669981812615,54633.83,0.0,18.261640071592428,0,C
SYN10121,Furniture,598.47,12.421340629274964,0.4667008441806951,5434107.6,0.9616963064295484,20677.507788161995,1,A
SYN10122,Breakroom,19.99,15.076607387140903,0.4518742615139037,220309.79,0.0,99.2418113058796,0,C
SYN10123,Office Supplies,22.29,38.11217510259918,0.4441371076594277,620999.4,0.4240766073871409,1928.201098276841,1,A
SYN10124,Office Supplies,7.6,31.79069767441861,0.4541016157439256,176616.4,0.0123119015047879,174.62514776780668,0,C
SYN10125,Breakroom,7.58,33.35978112175103,0.4349974880346871,184845.88,0.0041039671682626,153.90735944191186,0,C
SYN10126,Breakroom,9.19,30.74145006839945,0.4410989228071015,206517.68,0.0041039671682626,144.2802863291028,0,C
SYN10127,Breakroom,10.02,24.49931600547196,0.4503745131370929,179448.18,0.0,95.17960667417935,0,C
SYN10128,Furniture,642.5,8.823529411764707,0.491549037859911,4144125.0,0.0,67.41324830928926,0,C
SYN10129,Shipping,94.35,12.422708618331054,0.4742922154082241,856792.35,0.054719562243502,123.35701410439856,0,C
SYN10130,Furniture,174.47,6.8960328317373465,0.4855396189861291,879503.27,0.0041039671682626,104.3516835159856,0,C
SYN10131,Technology,217.4,3.296961325966851,0.5033491610733992,518933.8,0.0,29.65041037230879,0,C
SYN10132,Office Supplies,31.74,31.07934336525308,0.4505880823471456,721101.06,0.4692202462380301,1681.781164556962,1,A
SYN10133,Office Supplies,7.86,29.0875512995896,0.4474558984320164,167127.18,0.0054719562243502,126.60980735551664,0,C
SYN10134,Office Supplies,7.54,30.99452804377565,0.447034213446902,170833.78,0.015047879616963,155.59459814927897,0,C
SYN10135,Breakroom,23.25,32.01641586867305,0.4499074174621563,544143.0,0.06703146374829,325.4079695672848,0,C
SYN10136,Furniture,950.29,2.312324929971989,0.5251463500191081,1568928.79,0.0,15.95960116898745,0,C
SYN10137,Technology,236.26,11.478796169630645,0.4640423974266563,1982457.66,0.0191518467852257,147.56822884087956,0,C
SYN10138,Office Supplies,44.52,28.41997264021888,0.4622785598445241,924903.0,0.4213406292749658,886.1316956471,1,A
SYN10139,Technology,342.36,3.257575757575758,0.5125092649202734,809681.4,0.0,27.61905903027398,0,C
SYN10140,Technology,411.87,3.1820689655172414,0.5055942036639128,950184.09,0.0,56.26641532096624,0,C
SYN10141,Breakroom,6.62,35.841313269493845,0.4580113661864617,173444.0,0.2243502051983584,639.0670359371351,1,A
SYN10142,Shipping,25.23,16.210670314637483,0.4519490982179978,298975.5,0.0027359781121751,146.6703352522858,0,C
SYN10143,Breakroom,18.93,41.3844049247606,0.4508290195747617,572670.36,0.106703146374829,342.5585847945969,1,A
SYN10144,Furniture,592.7,5.0410396716826265,0.4908088649174043,2184099.5,0.0,58.55818351774962,0,C
SYN10145,Office Supplies,43.81,32.92202462380301,0.4445363753265804,1054331.46,0.5704514363885089,2429.197183098592,1,A
SYN10146,Shipping,93.03,5.069767441860465,0.4961868891972159,344769.18,0.0,43.99581005586592,0,C
SYN10147,Technology,490.42,7.88782489740082,0.4811972649451223,2827761.72,0.0,133.3337340250538,0,C
SYN10148,Shipping,17.24,31.10533515731874,0.4486703311256584,392003.12,0.0013679890560875,127.86244086311012,0,C
SYN10149,Furniture,470.5,6.844049247606019,0.4771872424267943,2353911.5,0.9794801641586868,83118.02272727274,1,A
SYN10150,Furniture,273.06,8.660738714090288,0.4448518389009679,1728742.86,0.9274965800273598,37934.10655737705,1,A
SYN10151,Furniture,350.73,12.333789329685365,0.4533004155488039,3162181.68,0.4746922024623803,865.9435028248587,1,A
SYN10152,Shipping,55.77,8.745554035567716,0.4713124261976051,356537.61,0.0,60.32533433159498,0,C
SYN10153,Breakroom,11.91,42.454172366621066,0.4396023019822256,369614.94,0.0369357045143638,248.37257220433992,1,A
SYN10154,Furniture,533.03,2.315492957746479,0.5421557467946848,876301.32,0.0,25.878892286489517,0,C
SYN10155,Furniture,881.47,1.5294117647058822,0.4584249053954835,847974.14,0.0,10.340283496059287,0,C
SYN10156,Office Supplies,29.15,7.893296853625171,0.4721632673036419,168195.5,0.0164158686730506,97.866954383034,0,C
SYN10157,Technology,242.02,4.07797537619699,0.494666840968671,721461.62,0.7701778385772914,605.9819243604004,1,A
SYN10158,Shipping,72.77,9.647058823529411,0.466375701743294,513174.04,0.0,61.909423901425534,0,C
SYN10159,Furniture,418.73,1.039426523297491,0.1875622549536943,121431.7,0.0,4.767355567049722,2,D
SYN10160,Furniture,264.06,2.306179775280899,0.5312582578421212,433586.52,0.0,23.316795524301643,0,C
SYN10161,Office Supplies,19.74,27.504787961696305,0.4407980943348654,396892.44,0.0068399452804377,146.49435850410654,0,C
SYN10162,Breakroom,19.03,25.701778385772915,0.4553291127478369,357535.64,0.1504787961696306,248.77330773271504,0,C
SYN10163,Breakroom,16.46,14.448700410396716,0.4669326191253922,173850.52,0.0,76.74010535732035,0,C
SYN10164,Breakroom,18.24,28.339261285909718,0.4603233954847469,377859.84,0.0013679890560875,100.78061506312348,0,C
SYN10165,Technology,451.83,5.883720930232558,0.4902214413686931,1943320.83,0.7537619699042407,3182.2176113360324,1,A
SYN10166,Technology,493.53,4.974008207934337,0.4814574811715971,1794475.08,0.0,49.8839382906047,0,C
SYN10167,Shipping,14.67,4.142270861833105,0.5007813369169143,44420.76,0.0,17.900351785208848,0,C
SYN10168,Breakroom,25.74,28.24623803009576,0.4505367137901803,531479.52,0.414500683994528,1628.9324411828188,1,A
SYN10169,Furniture,984.14,8.848153214774282,0.4699137015392391,6365417.52,0.0,46.55986765009995,0,C
SYN10170,Technology,412.19,2.330042313117066,0.5233428969005396,680937.88,0.0,20.299070447630736,0,C
SYN10171,Office Supplies,30.05,44.99726402188782,0.4640462060285697,988434.65,0.3009575923392613,1006.0578661087866,1,A
SYN10172,Technology,484.64,11.789329685362516,0.4568860423803597,4176627.52,0.9835841313269492,19032.501510574017,1,A
SYN10173,Breakroom,22.88,44.503419972640216,0.4433269828651058,744332.16,0.957592339261286,78484.79207920792,1,A
SYN10174,Breakroom,10.79,7.816689466484268,0.4753250948964407,61654.06,0.0,32.29721328714586,0,C
SYN10175,Shipping,55.6,2.359046283309958,0.5216147604725129,93519.2,0.0,15.19904568829114,0,C
SYN10176,Office Supplies,29.69,13.461012311901504,0.4747536819840003,292149.6,0.0,108.54469728979296,0,C
SYN10177,Technology,348.59,4.06703146374829,0.5078091232196724,1036358.07,0.0,65.14772625078689,0,C
SYN10178,Breakroom,23.53,41.683994528043776,0.444556897223182,716982.63,0.6484268125854993,4066.137458926616,1,A
SYN10179,Furniture,847.56,4.15047879616963,0.4859350035050341,2571497.04,0.106703146374829,44.03561997418843,0,C
SYN10180,Breakroom,29.76,11.465116279069768,0.4714700542651906,249418.56,0.0,65.45627530796928,0,C
SYN10181,Technology,464.7,1.0408921933085502,0.1906149270419534,130116.0,0.0,2.398743671479467,2,D
SYN10182,Breakroom,24.47,20.00136798905609,0.4645972483401787,357775.87,0.6292749658002736,1751.8359285363056,1,A
SYN10183,Breakroom,24.99,21.82626538987688,0.4572681478705193,398715.45,0.0259917920656634,248.99350995922376,0,C
SYN10184,Furniture,889.48,9.495212038303691,0.4518695422039785,6173880.68,0.2352941176470588,310.53742579105204,0,C
SYN10185,Office Supplies,24.76,6.9685362517099865,0.4744074969351693,126127.44,0.0,47.51695888523084,0,C
SYN10186,Furniture,772.85,12.627906976744184,0.4509155688547726,7134178.35,0.8809849521203831,16869.6525,1,A
SYN10187,Office Supplies,22.62,15.372093023255816,0.4471540219104463,254180.94,0.0027359781121751,132.26385959262538,0,C
SYN10188,Technology,319.63,1.0486111111111112,0.2054412513995585,96528.26,0.0,5.165352488359578,2,D
SYN10189,Furniture,401.42,10.741450068399454,0.4504518664293389,3151949.84,0.0013679890560875,96.32334826897582,0,C
SYN10190,Breakroom,27.14,30.86593707250342,0.4412511544026977,612359.82,0.5950752393980848,3453.4239949748744,1,A
SYN10191,Breakroom,11.42,13.49247606019152,0.466709357452,112635.46,0.0,94.59390703105524,0,C
SYN10192,Shipping,8.19,33.674418604651166,0.4573015699845327,201605.04,0.0369357045143638,223.89876567788176,0,C
SYN10193,Technology,382.22,1.551669316375199,0.4682837741511726,373046.72,0.0,11.94048635169286,0,C
SYN10194,Shipping,52.72,2.330508474576271,0.5038095605647261,86988.0,0.0,14.42918496010336,0,C
SYN10195,Shipping,78.33,12.344733242134064,0.4549439348237013,706849.92,0.0,83.0798992443325,0,C
SYN10196,Furniture,744.56,1.0284697508896796,0.1619953761246082,215177.84,0.0,4.484186619120394,2,D
SYN10197,Furniture,963.17,12.247606019151847,0.4518011558251749,8623261.01,0.0314637482900136,202.8340358271865,0,C
SYN10198,Technology,86.78,9.778385772913817,0.4625833399580318,620303.44,0.0013679890560875,68.04427602192965,0,C
SYN10199,Technology,368.53,5.120383036935705,0.4919178257477731,1379407.79,0.0013679890560875,97.10174604301228,0,C
SYN10200,Furniture,811.08,12.580027359781122,0.4627243146657775,7458691.68,0.8522571819425444,10139.179487179488,1,A
SYN10201,Shipping,40.57,24.723666210670316,0.4536226899204691,733221.61,0.0738714090287277,344.9171866433439,0,C
SYN10202,Office Supplies,46.65,31.320109439124487,0.4438606355112458,1068051.75,0.1792065663474692,716.2648720362921,1,A
SYN10203,Office Supplies,42.75,34.30506155950752,0.4405194241914031,1072041.75,0.6388508891928865,2412.6463543037644,1,A
SYN10204,Office Supplies,15.23,44.96580027359781,0.4451282251573191,500610.1,0.0848153214774281,280.5367192060712,1,A
SYN10205,Shipping,24.53,19.78796169630643,0.4474320848640662,354826.45,0.0232558139534883,272.1378201003732,0,C
SYN10206,Office Supplies,22.92,42.627906976744185,0.450288298968465,714210.12,0.2270861833105335,815.5343883140596,1,A
SYN10207,Office Supplies,25.96,24.36935704514364,0.4426250484767923,462451.44,0.0725034199726402,259.6616949152542,0,C
SYN10208,Furniture,302.14,6.023255813953488,0.4801047834953084,1330322.42,0.7291381668946648,1073.9382716049383,1,A
SYN10209,Breakroom,7.76,25.326949384404926,0.430554076734929,143668.63999999998,0.0109439124487004,172.2638103966193,0,C
SYN10210,Breakroom,12.78,21.85499316005472,0.4442637765559706,204173.28,0.0177838577291381,121.3850535287392,0,C
SYN10211,Furniture,563.66,5.926128590971272,0.4876299455305289,2441775.12,0.0,38.76664299880028,0,C
SYN10212,Office Supplies,30.08,42.92065663474692,0.4553280015248868,943760.0,0.253077975376197,821.9591083396051,1,A
SYN10213,Breakroom,11.09,39.77975376196991,0.448117557770022,322486.11,0.0410396716826265,314.32805429864254,1,A
SYN10214,Shipping,38.19,13.55813953488372,0.4567442772635176,378501.09,0.0,96.13264954089486,0,C
SYN10215,Shipping,11.24,27.6046511627907,0.4562241029073698,226811.96,0.0601915184678522,335.368520371044,0,C
SYN10216,Furniture,496.69,12.65389876880985,0.4516086024377434,4594382.5,0.4295485636114911,433.5844822058352,1,A
SYN10217,Technology,180.49,1.0303030303030305,0.166694074169272,49093.28,0.0,4.059038481167705,2,D
SYN10218,Furniture,573.92,5.180574555403557,0.502757037042103,2173435.04,0.0,27.92874293785311,0,C
SYN10219,Office Supplies,34.65,10.556771545827631,0.458603591432122,267394.05,0.0,75.87973312887561,0,C
SYN10220,Office Supplies,15.4,24.902872777017784,0.4539974951539766,280341.6,0.0068399452804377,130.8635715479855,0,C
SYN10221,Furniture,405.34,8.785225718194255,0.4591389652046237,2603093.48,0.0,71.16517599975745,0,C
SYN10222,Shipping,57.89,2.3566433566433567,0.512628264919183,97544.65,0.0,13.69461770232258,0,C
SYN10223,Technology,309.53,10.612859097127224,0.4585604807756959,2401333.74,0.0246238030095759,127.98686526743398,0,C
SYN10224,Furniture,226.97,11.39671682626539,0.4782313541223744,1890887.07,0.0109439124487004,138.081829312534,0,C
SYN10225,Technology,119.79,12.489740082079344,0.4522863480176436,1093682.7,0.1012311901504788,327.43119266055044,0,C
SYN10226,Furniture,678.63,9.571819425444597,0.4664339860141154,4748374.11,0.1176470588235294,181.7047497246794,0,C
SYN10227,Technology,319.89,9.785225718194257,0.450872518104341,2288173.17,0.0232558139534883,127.70094758950812,0,C
SYN10228,Furniture,631.27,6.823529411764706,0.4705636738977575,3148774.76,0.0,73.49043635997178,0,C
SYN10229,Breakroom,14.05,13.52530779753762,0.4444752575326096,138912.35,0.0,91.40620217784466,0,C
SYN10230,Office Supplies,47.68,19.11764705882353,0.4510987046523869,666328.0,0.0109439124487004,184.6526823801605,0,C
SYN10231,Breakroom,16.16,35.53077975376197,0.4412540358273327,419723.68,0.0916552667578659,406.4536521664669,1,A
SYN10232,Office Supplies,17.09,45.510259917920656,0.4522547912016663,568550.12,0.3638850889192886,1081.3209426411738,1,A
SYN10233,Technology,124.65,3.220246238030096,0.5001344507471125,293426.1,0.0,20.3933917206888,0,C
SYN10234,Furniture,910.52,4.114911080711354,0.4969298674617456,2738844.16,0.7756497948016415,607.9203760022118,1,A
SYN10235,Technology,274.24,9.831737346101232,0.4581316373939422,1970962.88,0.1901504787961696,295.93291274714136,0,C
SYN10236,Technology,286.01,4.124487004103967,0.500892436642492,862320.15,0.4377564979480164,299.8591836734694,0,C
SYN10237,Office Supplies,5.49,5.013679890560876,0.483169781611821,20120.85,0.0,29.11068976008345,0,C
SYN10238,Shipping,88.02,9.537619699042407,0.465311204933849,613675.44,0.0,59.81143058326487,0,C
SYN10239,Technology,104.18,4.138166894664843,0.493869828626034,315144.5,0.0,29.80797746144721,0,C
SYN10240,Shipping,78.24,11.321477428180575,0.4833205261142766,647514.24,0.0027359781121751,96.465797110693,0,C
SYN10241,Technology,108.5,5.06703146374829,0.482517624361396,401884.0,0.0,85.13202326678194,0,C
SYN10242,Shipping,11.48,14.102599179206566,0.4420733870332459,118347.32,0.0,50.633799410069145,0,C
SYN10243,Furniture,749.38,3.196969696969697,0.513626408129681,1739310.98,0.0,21.011678307821867,0,C
SYN10244,Furniture,958.68,11.38577291381669,0.4617268245887286,7979093.64,0.1969904240766073,256.58371288798924,0,C
SYN10245,Shipping,56.29,3.2373113854595337,0.5078744071619427,132844.4,0.0,21.599058493589745,0,C
SYN10246,Furniture,861.77,5.098495212038304,0.4788356992607958,3211816.79,0.0,50.19967939268868,0,C
SYN10247,Furniture,793.82,5.01641586867305,0.4867205140263425,2910937.94,0.0,43.43477274568581,0,C
SYN10248,Shipping,74.18,9.682626538987687,0.4505077699280267,525046.04,0.0,61.61305611126989,0,C
SYN10249,Office Supplies,25.69,25.19835841313269,0.4521133265424639,473209.8,0.0383036935704514,258.6690999903948,0,C
SYN10250,Furniture,102.11,2.3375706214689265,0.5194290296892832,168992.05,0.0,24.32942525037204,0,C
SYN10251,Furniture,182.42,6.864569083447332,0.4693436090782401,915383.56,0.8358413132694938,2388.1236979166665,1,A
SYN10252,Furniture,721.5,3.258241758241758,0.5082205508639587,1711398.0,0.0,20.544948280152138,0,C
SYN10253,Office Supplies,37.95,8.718194254445965,0.4649746925912082,241855.35,0.0054719562243502,70.68004308775336,0,C
SYN10254,Shipping,70.77,7.772913816689466,0.4785914409946744,402115.14,0.0,53.208244728549104,0,C
SYN10255,Office Supplies,14.95,30.81121751025992,0.4532320047284139,336718.85,0.0054719562243502,127.11988295063234,0,C
SYN10256,Technology,41.2,40.34336525307798,0.4454911685384609,1215029.2,0.1491108071135431,569.6372308098823,1,A
SYN10257,Office Supplies,46.2,37.2530779753762,0.4441289900495169,1258118.4,0.228454172366621,550.6512129678295,1,A
SYN10258,Shipping,15.95,15.097127222982216,0.4557157861017478,176024.2,0.0027359781121751,84.05643136233394,0,C
SYN10259,Furniture,875.84,9.632010943912448,0.4642676732927007,6166789.44,0.0957592339261285,178.98772430101545,0,C
SYN10260,Furniture,133.31,8.694938440492477,0.4831853805943266,847318.36,0.0123119015047879,114.1889945685566,0,C
SYN10261,Furniture,726.66,4.982216142270862,0.4749042328974088,2646495.72,0.0,30.327527481916047,0,C
SYN10262,Technology,405.91,10.612859097127224,0.4732057790111693,3149049.7800000003,0.853625170998632,8515.162162162163,1,A
SYN10263,Breakroom,19.9,32.70998632010944,0.4547887314262033,475828.9,0.0136798905608755,219.4275581555921,0,C
SYN10264,Shipping,48.88,42.785225718194255,0.4453080378702013,1528770.88,0.1805745554035567,498.28380881808073,1,A
SYN10265,Technology,273.89,9.708618331053351,0.4561802839212227,1943797.33,0.0068399452804377,99.60080250350376,0,C
SYN10266,Furniture,415.64,4.176470588235294,0.5049160083543287,1268948.92,0.0,33.69991241845857,0,C
SYN10267,Office Supplies,33.24,39.47879616963064,0.435007864458268,959273.16,0.7455540355677155,5824.386802871341,1,A
SYN10268,Breakroom,17.11,42.254445964432286,0.4443588919042671,528493.68,0.015047879616963,195.9211425993093,1,A
SYN10269,Office Supplies,20.96,5.808481532147743,0.504040621762655,88996.16,0.0,33.707927888792355,0,C
SYN10270,Technology,40.2,17.926128590971274,0.441435469541815,526780.8,0.0027359781121751,124.373834687995,0,C
SYN10271,Office Supplies,22.29,27.880984952120382,0.4496689369715144,454292.49,0.0861833105335157,339.83829835766426,0,C
SYN10272,Breakroom,24.23,19.800273597811216,0.473104319734093,350705.02,0.0738714090287277,299.83263432328266,0,C
SYN10273,Furniture,891.21,1.5676100628930818,0.4777015726468041,888536.37,0.0,8.309375320662646,0,C
SYN10274,Furniture,769.02,6.909712722298222,0.482202429554468,3884320.02,0.0,76.22065562941249,0,C
SYN10275,Breakroom,25.62,12.33515731874145,0.4576811357367918,231015.54,0.0,72.25065219774197,0,C
SYN10276,Shipping,21.77,37.36662106703147,0.4482753867313451,594647.55,0.1409028727770178,642.5714423633906,1,A
SYN10277,Technology,394.2,7.079343365253078,0.47219504020423,2039985.0,0.0738714090287277,164.29641693811075,0,C
SYN10278,Shipping,25.55,6.98358413132695,0.4630529708252127,130432.75,0.0013679890560875,86.00891951691712,0,C
SYN10279,Office Supplies,28.63,33.56497948016416,0.4581629418255583,702465.68,0.4760601915184678,1843.731085526316,1,A
SYN10280,Furniture,542.07,6.844049247606019,0.4705839404029165,2711976.21,0.6333789329685362,3239.320637732507,1,A
SYN10281,Office Supplies,15.07,44.42954856361149,0.453643811291773,489443.46,0.0656634746922024,348.5029945393694,1,A
SYN10282,Office Supplies,9.12,26.77154582763338,0.4532636232541075,178478.4,0.0369357045143638,239.573794651081,0,C
SYN10283,Office Supplies,48.0,19.89329685362517,0.4629479018099958,698016.0,0.0123119015047879,189.03177736285232,0,C
SYN10284,Breakroom,20.69,9.621067031463747,0.4601884200329879,145512.77000000002,0.0,84.00527777777778,0,C
SYN10285,Shipping,40.41,15.254445964432284,0.4708288918113422,450611.91,0.0027359781121751,136.46818235087306,0,C
SYN10286,Furniture,965.91,10.562243502051984,0.4622542921550855,7457791.11,0.173734610123119,184.90535316472284,0,C
SYN10287,Shipping,10.84,7.830369357045144,0.4807517252433764,62048.16,0.0,27.97908377856087,0,C
SYN10288,Shipping,59.28,4.971272229822161,0.4758115534016619,215423.52,0.0,36.6478216483183,0,C
SYN10289,Technology,270.2,10.521203830369355,0.4801841091863275,2078108.2,0.7496580027359782,5463.674441205054,1,A
SYN10290,Breakroom,25.6,8.90560875512996,0.466777329659539,166656.0,0.0082079343365253,166.75929495041527,0,C
SYN10291,Office Supplies,32.84,8.786593707250342,0.472953977706591,210931.32,0.0,59.54764864042208,0,C
SYN10292,Breakroom,3.79,42.25854993160055,0.4377668921110118,117076.89,0.0930232558139534,382.9744246391805,1,A
SYN10293,Technology,456.18,8.789329685362517,0.4687169941610957,2930956.5,0.0,65.75673783689184,0,C
SYN10294,Technology,383.19,8.756497948016415,0.4611758495826031,2452799.19,0.0287277701778385,207.16035772789655,0,C
SYN10295,Breakroom,20.06,4.11217510259918,0.5111148200706306,60300.36,0.0,24.709998088319637,0,C
SYN10296,Technology,394.33,7.786593707250342,0.477571002707666,2244526.36,0.0300957592339261,180.74943527367503,0,C
SYN10297,Furniture,856.11,6.744186046511628,0.4780229292308657,4220622.3,0.0013679890560875,89.76586046279921,0,C
SYN10298,Breakroom,28.31,38.261285909712726,0.447474961883718,791802.39,0.4158686730506156,1375.3086909726894,1,A
SYN10299,Breakroom,7.49,7.756497948016416,0.4750333525241209,42468.3,0.0,32.93342232604706,0,C
SYN10300,Breakroom,12.34,4.0410396716826265,0.4948177888712416,36452.36,0.0,15.956004817745857,0,C
SYN10301,Technology,495.27,4.05608755129959,0.5010180002871487,1468475.55,0.8002735978112175,786.7205081669691,1,A
SYN10302,Shipping,17.36,44.5827633378933,0.4506025704111682,565762.4,0.0697674418604651,376.5099408919936,1,A
SYN10303,Shipping,7.1,23.6812585499316,0.4401490542629995,122908.1,0.0,87.17872742053268,0,C
SYN10304,Furniture,243.04,8.733242134062927,0.4601128715226069,1551567.36,0.627906976744186,1938.805151641047,1,A
SYN10305,Technology,236.67,8.811217510259917,0.482784370597642,1524391.47,0.7934336525307798,5284.367003367003,1,A
SYN10306,Shipping,12.83,21.890560875513,0.4428860382613047,205305.66,0.0355677154582763,168.4639380148626,0,C
SYN10307,Breakroom,29.01,34.886456908344734,0.4487664119847061,739813.02,0.493844049247606,2559.3028555738606,1,A
SYN10308,Breakroom,14.33,33.89466484268126,0.4265152118060595,355054.41,0.3584131326949384,741.1706428776037,1,A
SYN10309,Furniture,346.79,4.121751025991792,0.4798974007898895,1044878.27,0.0,22.95086801575558,0,C
SYN10310,Furniture,904.69,5.863201094391245,0.4820032651440754,3877501.34,0.0027359781121751,125.53856633409464,0,C
SYN10311,Technology,436.7,3.247592847317744,0.5285906633432217,1031048.7,0.0,35.959808313365976,0,C
SYN10312,Breakroom,8.01,6.902872777017784,0.4811908011820053,40418.46,0.0,34.27613250940854,0,C
SYN10313,Office Supplies,39.69,10.454172366621068,0.4646286889123694,303310.98,0.0,70.24232669843704,0,C
SYN10314,Technology,402.46,4.154582763337893,0.5134289879204929,1222271.02,0.0,37.594144243306864,0,C
SYN10315,Breakroom,29.12,12.58686730506156,0.454011719790313,267933.12,0.0054719562243502,101.63394179334522,0,C
SYN10316,Breakroom,19.4,26.12859097127223,0.4603839248105904,370540.0,0.0027359781121751,124.50486441176731,0,C
SYN10317,Breakroom,9.09,23.316005471956224,0.452315060470372,154929.96,0.0109439124487004,122.18819814253632,0,C
SYN10318,Breakroom,24.53,5.811217510259918,0.4877985935690438,104203.44,0.0,54.68019017432647,0,C
SYN10319,Furniture,518.14,11.538987688098496,0.4696995046080646,4370510.9,0.6771545827633378,4051.238501971091,1,A
SYN10320,Technology,477.27,1.0306513409961686,0.1675662512203412,128385.63,0.0,5.963456056286771,2,D
SYN10321,Office Supplies,9.72,13.292749658002736,0.4468455995705057,94449.24,0.0,50.94038296041308,0,C
SYN10322,Office Supplies,11.41,31.818057455540355,0.4491820297360532,265385.19,0.1709986320109439,528.6958238751205,1,A
SYN10323,Breakroom,23.95,25.6265389876881,0.4377904703124583,448655.35,0.6922024623803009,4212.187942171639,1,A
SYN10324,Technology,276.44,1.03859649122807,0.1857989147314868,81826.24,0.0,7.705698005698006,2,D
SYN10325,Office Supplies,8.54,27.14090287277702,0.4492231636600746,169433.6,0.0,109.60414745847253,0,C
SYN10326,Technology,116.07,3.157241379310345,0.5041170835802498,265684.23,0.0,52.33677395139345,0,C
SYN10327,Breakroom,22.07,29.9124487004104,0.4516221400645071,482582.62,0.3570451436388508,814.8473694942904,1,A
SYN10328,Office Supplies,29.36,40.95212038303693,0.4425133532644845,878920.96,0.1764705882352941,546.3019197643358,1,A
SYN10329,Technology,362.76,2.297752808988764,0.5326126731523237,593475.36,0.0,32.7827850877193,0,C
SYN10330,Breakroom,27.16,22.3844049247606,0.4493055145964078,444419.08,0.0410396716826265,278.2162910241202,0,C
SYN10331,Breakroom,15.98,28.203830369357046,0.4480369884162754,329459.66,0.0,108.90808119494446,0,C
SYN10332,Office Supplies,8.67,29.53761969904241,0.4486314002659538,187202.64,0.0533515731874145,299.7920568291896,0,C
SYN10333,Breakroom,19.63,21.715458276333788,0.4520748132939222,311606.62,0.0,104.21567201041807,0,C
SYN10334,Furniture,810.73,4.095759233926128,0.4980211318981398,2427325.62,0.0,28.281416775427395,0,C
SYN10335,Furniture,305.61,1.5133858267716536,0.4640078784686731,293691.21,0.0,8.473445509920994,0,C
SYN10336,Office Supplies,23.15,29.160054719562243,0.4564610148506913,493465.4,0.0369357045143638,266.76475321429183,0,C
SYN10337,Shipping,29.48,8.746922024623803,0.4635679403774573,188495.12,0.0,97.41385131614597,0,C
SYN10338,Breakroom,14.23,37.56634746922025,0.4565810111642254,390770.03,0.0738714090287277,405.62531067509946,1,A
SYN10339,Breakroom,13.02,9.540355677154585,0.4412998196462562,90801.48,0.0,29.72019378195449,0,C
SYN10340,Breakroom,26.41,35.51846785225718,0.4368055499834452,685709.24,0.1176470588235294,524.9677490734082,1,A
SYN10341,Office Supplies,22.8,16.112175102599178,0.471424434294082,268538.4,0.1203830369357045,324.00248372408083,0,C
SYN10342,Breakroom,20.69,45.10123119015048,0.4571524058880971,682128.61,0.8522571819425444,11267.105656848997,1,A
SYN10343,Furniture,423.24,2.316155988857939,0.5252643265026247,703848.12,0.0,34.96068675946164,0,C
SYN10344,Furniture,852.4,10.332421340629274,0.46213430386151,6438177.2,0.9835841313269492,17868.100323624596,1,A
SYN10345,Office Supplies,23.24,34.81258549931601,0.4358439411362881,591411.52,0.1901504787961696,799.1789319929544,1,A
SYN10346,Technology,218.25,10.625170998632012,0.4706489471453664,1695147.75,0.0109439124487004,153.15683418305414,0,C
SYN10347,Shipping,43.48,38.74418604651163,0.4462154828772368,1231440.56,0.7209302325581395,5744.556603773585,1,A
SYN10348,Office Supplies,12.36,32.008207934336525,0.4499160347665016,289199.28,0.015047879616963,173.6669611217724,0,C
SYN10349,Furniture,332.32,12.671682626538988,0.4584398511252044,3078280.16,0.0560875512995896,149.09399771005812,0,C
SYN10350,Shipping,61.88,8.642954856361149,0.4472036228457553,390957.84,0.0,53.644988558884,0,C
SYN10351,Breakroom,9.34,15.17920656634747,0.4406506588632432,103636.64,0.0041039671682626,78.56012707267936,0,C
SYN10352,Technology,178.83,9.757865937072504,0.4831902096967561,1275594.39,0.9972640218878248,434518.5833333333,3,B
SYN10353,Shipping,47.7,7.919288645690835,0.487631003669302,276135.3,0.0,56.94200519396639,0,C
SYN10354,Furniture,250.34,5.027359781121751,0.4860876573019872,919999.5,0.3269493844049247,184.43120966634623,0,C
SYN10355,Breakroom,22.88,19.629274965800278,0.4498036844074161,328305.12,0.0191518467852257,199.0798474035834,0,C
SYN10356,Shipping,85.2,9.6484268125855,0.4664311254812578,600915.6,0.0,87.83357467759247,0,C
SYN10357,Breakroom,17.58,38.94664842681259,0.4373677465295896,500502.6,0.13406292749658,519.8993255058706,1,A
SYN10358,Breakroom,9.24,42.097127222982216,0.4506688680947356,284342.52,0.280437756497948,792.6658092251313,1,A
SYN10359,Technology,127.86,3.215767634854772,0.5207011014072243,297274.5,0.0,38.57410349523377,0,C
SYN10360,Shipping,53.19,4.142270861833105,0.5030083125765215,161059.32,0.0,57.69498240583866,0,C
SYN10361,Breakroom,15.96,10.633378932968537,0.4529967449953897,124057.08,0.0,65.46155529953917,0,C
SYN10362,Furniture,675.21,5.953488372093023,0.4607325282158683,2938513.92,0.9767441860465116,7022.763796909492,1,A
SYN10363,Office Supplies,28.95,24.87688098495212,0.4399365707832986,526455.75,0.1272229822161422,426.72171931176166,0,C
SYN10364,Shipping,74.63,2.328169014084507,0.5132958429741397,123363.39,0.0,17.20379572020445,0,C
SYN10365,Technology,94.96,1.0401606425702812,0.1891354859077197,24594.64,0.0,1.5818941387809666,2,D
SYN10366,Shipping,97.97,8.049247606019152,0.4747962135352965,576455.48,0.0341997264021887,87.5349329425891,0,C
SYN10367,Furniture,847.79,6.0,0.5004564126920208,3718406.94,0.0,68.6927625658825,0,C
SYN10368,Office Supplies,36.03,31.596443228454174,0.4605084653717617,832184.91,0.4473324213406293,1167.3862269238748,1,A
SYN10369,Office Supplies,34.65,26.147742818057456,0.4646017548876343,662300.1,0.2038303693570451,534.1514641792186,1,A
SYN10370,Shipping,38.11,28.14090287277702,0.4494775406880224,783960.8099999999,0.161422708618331,628.4699711622852,1,A
SYN10371,Technology,489.04,7.761969904240766,0.4717658759349071,2774812.96,0.0492476060191518,269.2258860184344,0,C
SYN10372,Office Supplies,30.52,8.577291381668946,0.45996323407298,191360.4,0.0,52.82997337390643,0,C
SYN10373,Office Supplies,23.19,21.49521203830369,0.4461725142771338,364384.47,0.0300957592339261,245.85721012864144,0,C
SYN10374,Breakroom,23.58,25.16689466484268,0.4617078971895502,433801.26,0.4582763337893297,1199.3406760010705,1,A
SYN10375,Office Supplies,18.36,18.0656634746922,0.4557438060530415,242462.16,0.0,70.28968982088247,0,C
SYN10376,Office Supplies,32.44,33.30369357045144,0.4427096666895678,789751.8,0.1709986320109439,651.6365800073233,1,A
SYN10377,Shipping,27.57,12.722298221614228,0.4653497805696743,256401.0,0.0082079343365253,151.82232346241457,0,C
SYN10378,Office Supplies,32.16,19.00957592339261,0.4692107764770176,446895.36,0.015047879616963,193.09905902480756,0,C
SYN10379,Technology,280.33,12.299589603283174,0.4671829794438152,2520447.03,0.9685362517099864,19677.90718562874,1,A
SYN10380,Technology,183.8,1.55,0.4667141918681946,182329.6,0.0,13.782229402261711,0,C
